{
    "type": "PlayerInventoryPanel", "name": "PlayerInventoryOriginalLayout",
    "fields": {
        "rect": "$RightPanelRectI",
        "anchor": "$RightPanelAnchor",
    },
    "children": [
        {
            "type": "ClickCatcherWidget", "name": "click_catcher",
            "fields": {
                "rect": { "x": 0, "y": 0, "width": 1162, "height": 1737 },
            },
        },
        {
            "type": "ImageWidget", "name": "background",
            "fields": {
                "filename": "PANEL\\Inventory\\Background_Expanded2",
            },
        },
        {
            "type": "ImageWidget", "name": "RightSprite",
            "fields": {
                "rect": "$RightSideRect",
                "filename": "$RightSideSpriteNew_Blank"
            },
        },
        {
            "type": "ImageWidget", "name": "RightHinge",
            "fields": {
                "rect": "$RightHingeRect",
                "filename": "$RightHingeSprite_Blank"
            },
        },
      //  {
        //    "type": "TextBoxWidget", "name": "title",
        //    "fields": {
        //        "rect": "$InGamePanelTitleRect",
        //        "style": "$StyleTitleBlock",
         //       "text": "@strpanel4",
         //   },
      //  },
        {
            "type": "TextBoxWidget", "name": "gold_amount",
            "fields": {
                "rect": "$PlayerInventoryPanelGoldAmountRect",
                "style": "$StyleGoldAmount",
            },
            "children": [
                {
                    "type": "FocusableWidget", "name": "gold_amount_tooltip",
                    "fields": {
                        "fitToParent": true,
                        "tooltipStyle": "$TooltipStyle",
                    },
                }
            ]
        },
        {
            "type": "ButtonWidget", "name": "gold_button",
            "fields": {
                "rect": "$PlayerInventoryPanelGoldButtonRect",
                "filename": "PANEL\\GoldButton",
                "hoveredFrame": 0,
                "tooltipString": "@strGoldDrop",
                "onClickMessage": "PlayerInventoryPanelMessage:DropGold",
            },
        },
        {
            "type": "ButtonWidget", "name": "close",
            "fields": {
                "rect": { "x": 1080, "y": 1 },
                "filename": "PANEL\\closebtn_4x",
                "hoveredFrame": 3,
                "tooltipString": "@strClose",
                "onClickMessage": "PlayerInventoryPanelMessage:Close",
            },
        },
        {
            "type": "InventoryGridWidget", "name": "grid",
            "fields": {
                "rect": { "x": 93, "y": 819 },
                "cellCount": { "x": 10, "y": 8 },
                "cellSize": "$ItemCellSize",
                "gemSocketFilename": "PANEL\\gemsocket",
            },
        },
        {
            "type": "InventorySlotWidget", "name": "slot_head",
            "fields": {
                "rect": { "x": 482, "y": 105, "width": 196, "height": 196 },
                "cellSize": "$ItemCellSize",
                "location": "head",
                "gemSocketFilename": "PANEL\\gemsocket",
                "backgroundFilename": "PANEL\\Inventory\\Inventory_Paperdoll_HeadArmor",
            }
        },
        {
            "type": "InventorySlotWidget", "name": "slot_neck",
            "fields": {
                "rect": { "x": 718, "y": 273, "width": 98, "height": 98 },
                "cellSize": "$ItemCellSize",
                "location": "neck",
                "backgroundFilename": "PANEL\\Inventory\\Inventory_Paperdoll_Amulet",
            }
        },
        {
            "type": "InventorySlotWidget", "name": "slot_torso",
            "fields": {
                "rect": { "x": 482, "y": 348, "width": 196, "height": 294 },
                "cellSize": "$ItemCellSize",
                "location": "torso",
                "gemSocketFilename": "PANEL\\gemsocket",
                "backgroundFilename": "PANEL\\Inventory\\Inventory_Paperdoll_ChestArmor",
            }
        },
        {
            "type": "InventorySlotWidget", "name": "slot_right_arm",
            "fields": {
                "rect": { "x": 109, "y": 152, "width": 196, "height": 392 },
                "cellSize": "$ItemCellSize",
                "location": "right_arm",
                "gemSocketFilename": "PANEL\\gemsocket",
                "backgroundFilename": "PANEL\\Inventory\\Inventory_Paperdoll_Weapon",
            }
        },
        {
            "type": "InventorySlotWidget", "name": "slot_left_arm",
            "fields": {
                "rect": { "x": 861, "y": 152, "width": 196, "height": 392 },
                "cellSize": "$ItemCellSize",
                "location": "left_arm",
                "gemSocketFilename": "PANEL\\gemsocket",
                "backgroundFilename": "PANEL\\Inventory\\Inventory_Paperdoll_Weapon",
            }
        },
        {
            "type": "InventorySlotWidget", "name": "slot_right_hand",
            "fields": {
                "rect": { "x": 344, "y": 690, "width": 98, "height": 98 },
                "cellSize": "$ItemCellSize",
                "location": "right_hand",
                "backgroundFilename": "PANEL\\Inventory\\Inventory_Paperdoll_Ring",
            }
        },
        {
            "type": "InventorySlotWidget", "name": "slot_left_hand",
            "fields": {
                "rect": { "x": 718, "y": 689, "width": 98, "height": 98 },
                "cellSize": "$ItemCellSize",
                "location": "left_hand",
                "backgroundFilename": "PANEL\\Inventory\\Inventory_Paperdoll_Ring",
            }
        },
        {
            "type": "InventorySlotWidget", "name": "slot_belt",
            "fields": {
                "rect": { "x": 483, "y": 689, "width": 196, "height": 98 },
                "cellSize": "$ItemCellSize",
                "location": "belt",
                "backgroundFilename": "PANEL\\Inventory\\Inventory_Paperdoll_Belt",
            }
        },
        {
            "type": "InventorySlotWidget", "name": "slot_feet",
            "fields": {
                "rect": { "x": 860, "y": 588, "width": 196, "height": 196 },
                "cellSize": "$ItemCellSize",
                "location": "feet",
                "backgroundFilename": "PANEL\\Inventory\\Inventory_Paperdoll_Boots",
            }
        },
        {
            "type": "InventorySlotWidget", "name": "slot_gloves",
            "fields": {
                "rect": { "x": 107, "y": 588, "width": 196, "height": 196 },
                "cellSize": "$ItemCellSize",
                "location": "gloves",
                "backgroundFilename": "PANEL\\Inventory\\Inventory_Paperdoll_Glove",
            }
        },
    ]
}
