{
    "type": "HoradricCubePanel", "name": "HoradricCubeLayout",
    "fields": {
        "priority": 10,
        "rect": "$LeftPanelRectS",
        "anchor": "$LeftPanelAnchor",
    },
    "children": [
        {
            "type": "ClickCatcherWidget", "name": "click_catcher",
            "fields": {
                "rect": { "x": 0, "y": 0, "width": 1744, "height": 1737 },
            },
        },
        {
            "type": "ImageWidget", "name": "background",
            "fields": {
                "filename": "PANEL\\Horadric_Cube\\HoradricCube_BG2",
            },
        },
        {
            "type": "ImageWidget", "name": "LeftSprite",
            "fields": {
                "rect": "$LeftSideRectHireMenu",
                "filename": "$LeftSideSpriteNew_Blank"
            }
        },
        {
            "type": "ImageWidget", "name": "LeftHinge",
            "fields": {
                "rect": "$LeftHingeRect",
                "filename": "$LeftHingeSprite_Blank"
            }
        },
        {
            "type": "TextBoxWidget", "name": "title",
            "fields": {
                "rect": { "x": 855, "y": 110 },
                "style": "$StyleTitleBlock",
                "text": "@box"
            },
        },
        {
            "type": "ButtonWidget", "name": "convert",
            "fields": {
                "rect": "$HoradricCubePanelConvert",
                "filename": "PANEL\\Horadric_Cube\\TransmuteButton",
                "tooltipString": "@strUiMenu2",
                "hoveredFrame": 2,
                "onClickMessage": "HoradricCubePanelMessage:Convert",
            },
        },
        {
            "type": "ButtonWidget", "name": "close",
            "fields": {
                "rect": { "x": 1650, "y": 3 },
                "filename": "PANEL\\closebtn_4x",
                "hoveredFrame": 3,
                "tooltipString": "@strClose",
                "onClickMessage": "HoradricCubePanelMessage:Close",
            },
        },
        {
            "type": "InventoryGridWidget", "name": "grid",
            "fields": {
                "rect": { "x": 80, "y": 193, "scale": 1.0 },
                "cellCount": { "x": 16, "y": 13 },
                "cellSize": "$ItemCellSize",
                "gemSocketFilename": "PANEL\\gemsocket",
            },
        },
        {
            "type": "AnimatedImageWidget", "name": "flourish",
            "fields": {
                "rect": { "x": 180, "y": 401, "scale":2 },
                "filename": "PANEL\\Horadric_Cube\\Flourish",
                "blendMode": "black",
                "fps": 14,
                "playing": false,
                "loop": false,
            },
        },
    ]
}
