{
    "basedOn": "BankOriginalLayoutHD.json",
    "type": "BankPanel", "name": "BankExpansionLayout",
    "children": [
        {
            "type": "ClickCatcherWidget", "name": "click_catcher"
        },
        {
            "type": "ImageWidget", "name": "background",
            "fields": {
                "filename": "PANEL\\Stash\\StashPanel_BG2"
            }
        },
        {
            "type": "ImageWidget", "name": "LeftSprite"
        },
        {
            "type": "ImageWidget", "name": "LeftHinge"
        },
        {
            "type": "TextBoxWidget", "name": "title"
        },
        {
            "type": "TextBoxWidget", "name": "gold_amount"
        },
        {
            "type": "ButtonWidget", "name": "gold_withdraw"
        },
        {
            "type": "ButtonWidget", "name": "close"
        },
        {
            "type": "InventoryGridWidget", "name": "grid",
            "fields": {
                "rect": { "x": 91, "y": 235 },
                "cellCount": { "x": 16, "y": 13 }
            }
        },
		{
            "type": "DropdownListWidget", "name": "BankPages",
            "fields": {
                "anchor": { "x": 0.15, "y": 0.05 },
                "rect": { "width": 408, "height": 75 },
                "background/rect": { "x": 20, "width": 408, "height": 75 },
                "background/leftCapOffset": "$OptionsDropDownLeftCapOffset2",
                "background/rightCapOffset": "$OptionsDropDownRightCapOffset2",
                "pressedFrame": 1,
                "disabledFrame": 2,
                "hoveredFrame": 3,
                "focusIndicatorFilename": "$OptionsDropDownFocusIndicatorFilename",
                "states": [ "Page 1", "Page 2", "Page 3", "Page 4", "Page 5", "Page 6", "Page 7", "Page 8", "Page 9", "Page 10", "Page 11", "Page 12", "Page 13", "Page 14", "Page 15", "Page 16", "Page 17", "Page 18", "Page 19", "Page 20", "Page 21", "Page 22", "Page 23", "Page 24", "Page 25", "Page 26", "Page 27", "Page 28", "Page 29", "Page 30", "Page 31", "Page 32", "Page 33", "Page 34", "Page 35", "Page 36", "Page 37", "Page 38", "Page 39", "Page 40", "Page 41", "Page 42", "Page 43", "Page 44", "Page 45", "Page 46", "Page 47", "Page 48", "Page 49", "Page 50", "Page 51", "Page 52", "Page 53", "Page 54", "Page 55", "Page 56", "Page 57", "Page 58", "Page 59", "Page 60", "Page 61", "Page 62", "Page 63", "Page 64" ],
                "onUpdateMessage": "BankPanelMessage:SelectPage",
                "text/style": { "pointSize": "$MediumFontSize" },
                "textColor": "$FontColorLightGold",
                "tooltipString": "This allows you to switch between multiple pages of shared stash tabs",
                "tooltipStyle": {
                "showAfterDelay": true
                }
            }
        },
        {
            "type": "TabBarWidget", "name": "BankTabs",
            "fields": {
                "rect": { "x": 82, "y": 160 },
                "tabCount": 8,
                "filename": "PANEL\\stash\\Stash_Tabs_Blank",
                "inactiveFrames": [ 0, 0, 0, 0, 0, 0, 0, 0 ],
                "activeFrames": [ 1, 1, 1, 1, 1, 1, 1, 1 ],
                "disabledFrames": [ 0, 0, 0, 0, 0, 0, 0, 0 ],
                "textStrings": [ "personal", "shared", "shared", "shared", "shared", "shared", "shared", "shared" ],
                "textStyle": { "pointSize": "$SmallPanelFontSize" },
                "activeTextColor": "$TabsActiveTextColor",
                "inactiveTextColor": "$TabsInactiveTextColor",
                "tabSize": { "x": 195, "y": 75 },
                "tabPadding": { "x": 4, "y": 0 },
                "onSwitchTabMessage": "BankPanelMessage:SelectTab"
            }
        }
    ]
}
