{
    "basedOn": "WaypointsPanelOriginalHD.json",
    "type": "WaypointsPanel", "name": "WaypointsPanelExpansion",
    "children": [
        {
            "type": "ClickCatcherWidget", "name": "ClickCatcher",
        },
        {
            "type": "ImageWidget", "name": "Background",
        },
        {
            "type": "ImageWidget", "name": "LeftSprite",
            "fields": {
                "rect": "$LeftSideRectHireMenu",
                "filename": "$LeftSideSpriteNew"
            }
        },
        {
            "type": "ImageWidget", "name": "LeftHinge",
            "fields": {
                "rect": "$LeftHingeRect",
                "filename": "$LeftHingeSprite"
            }
        },
        {
            "type": "TextBoxWidget", "name": "WaypointsTitle",
        },
        {
            "type": "TabBarWidget", "name": "Tabs",
            "fields": {
                "tabCount": 5,
                "filename": "PANEL\\Waypoints\\Waypoints_Tab",
                "inactiveFrames": [ 1, 1, 1, 1, 1 ],
                "activeFrames": [ 0, 0, 0, 0, 0 ],
                "tabSize": { "x": 174, "y": 70 },
                "tabPadding": { "x": -1, "y": 0 },
            }
        },
        // waypoint button templates
        {
            "type": "Widget", "name": "Templates",
            "children": [
                {
                    "type": "ButtonWidget", "name": "UnselectableButtonTemplate",
                    "children": [
                        {
                            "type": "ImageWidget", "name": "TerrorZone",
                        },
                    ]
                },
                {
                    "type": "ImageWidget", "name": "SelectableButton",
                },
                {
                    "type": "ImageWidget", "name": "CurrentButton",
                }
            ]
        },
        {
            "type": "ButtonWidget", "name": "CloseButton",
        },
    ]
}
