{
    "basedOn": "BankOriginalLayoutHD.json",
    "type": "BankPanel", "name": "BankExpansionLayout",
    "children": [
        {
            "type": "ClickCatcherWidget", "name": "click_catcher"
        },
        {
            "type": "ImageWidget", "name": "background",
            "fields": {
                "filename": "PANEL\\Stash\\StashPanel_BG2"
            }
        },
        {
            "type": "ImageWidget", "name": "LeftSprite"
        },
        {
            "type": "ImageWidget", "name": "LeftHinge"
        },
        {
            "type": "TextBoxWidget", "name": "title"
        },
        {
            "type": "TextBoxWidget", "name": "gold_amount"
        },
        {
            "type": "ButtonWidget", "name": "gold_withdraw"
        },
        {
            "type": "ButtonWidget", "name": "close"
        },
        {
            "type": "InventoryGridWidget", "name": "grid",
            "fields": {
                "rect": { "x": 91, "y": 235 },
                "cellCount": { "x": 16, "y": 13 }
            }
        },
        {
            "type": "TabBarWidget", "name": "BankTabs",
            "fields": {
                "rect": { "x": 82, "y": 160 },
                "tabCount": 8,
                "filename": "PANEL\\stash\\Stash_Tabs_Blank",
                "inactiveFrames": [ 0, 0, 0, 0, 0, 0, 0, 0 ],
                "activeFrames": [ 1, 1, 1, 1, 1, 1, 1, 1 ],
                "disabledFrames": [0, 0, 0, 0, 0, 0, 0, 0 ],
                "textStrings": [ "@personal", "@shared", "@shared", "@shared", "@shared", "@shared", "@shared", "@shared" ],
                "textStyle": { "pointSize": "$SmallPanelFontSize" },
                "activeTextColor": "$TabsActiveTextColor",
                "inactiveTextColor": "$TabsInactiveTextColor",
                "tabSize": { "x": 195, "y": 75 },
                "tabPadding": { "x": 4, "y": 0 },
                "onSwitchTabMessage": "BankPanelMessage:SelectTab"
            }
        }
    ]
}
