{
    "type": "BankPanel", "name": "BankOriginalLayout",
    "fields": {
        "priority": 5,
        "rect": "$LeftPanelRectS",
        "anchor": "$LeftPanelAnchor"
    },
    "children": [
        {
            "type": "ClickCatcherWidget", "name": "click_catcher",
            "fields": {
                "rect" : { "x": 0, "y": 0, "width": 1750, "height": 1799 }
            }
        },
        {
            "type": "ImageWidget", "name": "background",
            "fields": {
                "filename": "PANEL\\Stash\\StashPanel_BG2",
                "rect": { "x": 0, "y": 0 }
            }
        },
        {
            "type": "ImageWidget", "name": "LeftSprite",
            "fields": {
                "rect": "$LeftSideRectHireMenu",
                "filename": "$LeftSideSpriteNew_Blank"
            }
        },
        {
            "type": "ImageWidget", "name": "LeftHinge",
            "fields": {
                "rect": "$LeftHingeRect",
                "filename": "$LeftHingeSprite_Blank"
            }
        },
        {
            "type": "TextBoxWidget", "name": "title",
            "fields": {
                "rect": { "x": 877, "y": 100 },
                "style": "$StyleTitleBlock",
                "text": "@stash"
            }
        },
        {
            "type": "TextBoxWidget", "name": "gold_amount",
            "fields": {
                "rect": "$BankPanelGoldAmountRect",
                "style": "$StyleGoldAmount"
            }
        },
        {
            "type": "ButtonWidget", "name": "gold_withdraw",
            "fields": {
                "rect": "$BankPanelGoldWithdrawRect",
                "filename": "PANEL\\GoldButton",
                "hoveredFrame": 3,
                "tooltipString": "@strGoldWithdraw",
                "onClickMessage": "BankPanelMessage:Withdraw"
            }
        },
        {
            "type": "ButtonWidget", "name": "close",
            "fields": {
                "rect": { "x": 1675, "y": 0 },
                "filename": "PANEL\\closebtn_4x",
                "hoveredFrame": 3,
                "tooltipString": "@strClose",
                "sound": "cursor_close_window_hd",
                "onClickMessage": "BankPanelMessage:Close"
            }
        },
        {
            "type": "InventoryGridWidget", "name": "grid",
            "fields": {
                "rect": { "x": 95, "y": 235 },
                "cellCount": { "x": 16, "y": 13 },
                "cellSize": "$ItemCellSize",
                "gemSocketFilename": "PANEL\\gemsocket"
            }
        },
        {
            "type": "TabBarWidget", "name": "BankTabs",
            "fields": {
                "rect": { "x": 93, "y": 160 },
                "tabCount": 6,
                "filename": "PANEL\\stash\\Stash_Tabs",
                "inactiveFrames": [ 0, 0, 0, 0, 0, 0 ],
                "activeFrames": [ 1, 1, 1, 1, 1, 1 ],
                "disabledFrames": [0, 0, 0, 0, 0, 0 ],
                "textStrings": [ "@personal", "Classic", "Classic", "Classic", "Classic", "Classic"],
                "textStyle": { "pointSize": "$SmallPanelFontSize" },
                "activeTextColor": "$TabsActiveTextColor",
                "inactiveTextColor": "$TabsInactiveTextColor",
                "tabSize": { "x": 249, "y": 75 },
                "tabPadding": { "x": 12, "y": 0 },
                "onSwitchTabMessage": "BankPanelMessage:SelectTab"
            }
        }
    ]
}
