{"InfiniteRespec":true,"ResetMaps":false,"AudioLanguage":0,"TextLanguage":0,"UiTheme":1,"ItemIcons":0,"MercIcons":0,"RunewordSorting":0,"AutoBackups":1,"HudDesign":0,"ItemIlvls":2,"BuffIcons":0,"MonsterStatsDisplay":0,"MonsterHP":4,"HideHelmets":0,"PersonalizedTabs":0,"HdrFix":true,"NoSound":false,"SkipLogos":true,"ForceLowend":false,"SkillIcons":0,"MapLayout":0,"WindowMode":0,"DirectTxt":false,"PersonalizedStashTabs":1,"Font":0,"SuperTelekinesis":0,"ColorDye":0,"RuneDisplay":0,"BuffIconTemplate":null,"SelectedMonsterItemDrops":0,"SelectedGroupSize":0,"DifficultyCustomizations":{"Normal":{"SelectedShortenedLevel":0,"SelectedChampionPack":0,"SelectedExpRate":0,"ActOneMultiplierString":null,"ActTwoMultiplierString":null,"ActThreeMultiplierString":null,"ActFourMultiplierString":null,"ActFiveMultiplierString":null,"ActOneMultiplier":1.0,"ActTwoMultiplier":1.0,"ActThreeMultiplier":1.0,"ActFourMultiplier":1.0,"ActFiveMultiplier":1.0,"ActOneDensity":0,"ActTwoDensity":0,"ActThreeDensity":0,"ActFourDensity":0,"ActFiveDensity":0,"ActOneSpawnChance":0.0,"ActTwoSpawnChance":0.0,"ActThreeSpawnChance":0.0,"ActFourSpawnChance":0.0,"ActFiveSpawnChance":0.0},"Nightmare":{"SelectedShortenedLevel":0,"SelectedChampionPack":0,"SelectedExpRate":0,"ActOneMultiplierString":null,"ActTwoMultiplierString":null,"ActThreeMultiplierString":null,"ActFourMultiplierString":null,"ActFiveMultiplierString":null,"ActOneMultiplier":1.0,"ActTwoMultiplier":1.0,"ActThreeMultiplier":1.0,"ActFourMultiplier":1.0,"ActFiveMultiplier":1.0,"ActOneDensity":0,"ActTwoDensity":0,"ActThreeDensity":0,"ActFourDensity":0,"ActFiveDensity":0,"ActOneSpawnChance":0.0,"ActTwoSpawnChance":0.0,"ActThreeSpawnChance":0.0,"ActFourSpawnChance":0.0,"ActFiveSpawnChance":0.0},"Hell":{"SelectedShortenedLevel":0,"SelectedChampionPack":0,"SelectedExpRate":0,"ActOneMultiplierString":null,"ActTwoMultiplierString":null,"ActThreeMultiplierString":null,"ActFourMultiplierString":null,"ActFiveMultiplierString":null,"ActOneMultiplier":1.0,"ActTwoMultiplier":1.0,"ActThreeMultiplier":1.0,"ActFourMultiplier":1.0,"ActFiveMultiplier":1.0,"ActOneDensity":0,"ActTwoDensity":0,"ActThreeDensity":0,"ActFourDensity":0,"ActFiveDensity":0,"ActOneSpawnChance":0.0,"ActTwoSpawnChance":0.0,"ActThreeSpawnChance":0.0,"ActFourSpawnChance":0.0,"ActFiveSpawnChance":0.0}},"ExpandedInventory":false,"ExpandedStash":false,"ExpandedCube":false,"ExpandedMerc":false,"CurrentD2RArgs":"-mod TCP -txt -enablerespec -cheats -skiplogovideo","FastLoad":null,"CinematicSubs":0,"MapSeed":"","MapSeedName":"An Evil Force's Seed: ","MapSeedLoc":null,"Cheats":true,"CheatsActive":true,"MSIFix":true,"skipCinematics":false,"ShortenedLevels":0,"LootFilter":0,"DataHash":"7dfc19182d19fe98434b538c3081bfd0","DataHashPass":true,"BeaconStartup":2,"FilterUpdates":false,"StringColoring":0,"RecentCharacter":null}